{
  "Total" : {
    "transaction" : "Total",
    "sampleCount" : 1800,
    "errorCount" : 1800,
    "errorPct" : 100.0,
    "meanResTime" : 77520.88888888898,
    "medianResTime" : 126540.5,
    "minResTime" : 3.0,
    "maxResTime" : 134652.0,
    "pct1ResTime" : 133249.9,
    "pct2ResTime" : 133906.25,
    "pct3ResTime" : 134441.99,
    "throughput" : 2.5700224020286044,
    "receivedKBytesPerSec" : 3.8314067423645346,
    "sentKBytesPerSec" : 0.14305788761292035
  },
  "HTTP Request" : {
    "transaction" : "HTTP Request",
    "sampleCount" : 1800,
    "errorCount" : 1800,
    "errorPct" : 100.0,
    "meanResTime" : 77520.88888888898,
    "medianResTime" : 126540.5,
    "minResTime" : 3.0,
    "maxResTime" : 134652.0,
    "pct1ResTime" : 133249.9,
    "pct2ResTime" : 133906.25,
    "pct3ResTime" : 134441.99,
    "throughput" : 2.5700224020286044,
    "receivedKBytesPerSec" : 3.8314067423645346,
    "sentKBytesPerSec" : 0.14305788761292035
  }
}